{
  "project_info": {
    "project_number": "190055863229",
    "firebase_url": "https://farm-cde1c.firebaseio.com",
    "project_id": "farm-cde1c",
    "storage_bucket": "farm-cde1c.appspot.com"
  },
  "client": [
    {
      "client_info": {
        "mobilesdk_app_id": "1:190055863229:android:8cf5974a28ed8ac2ea78d4",
        "android_client_info": {
          "package_name": "com.example.rameshnayak.farmerease"
        }
      },
      "oauth_client": [
        {
          "client_id": "190055863229-bt2oe933b06l9jo37sp7d0b8kcv36uqu.apps.googleusercontent.com",
          "client_type": 1,
          "android_info": {
            "package_name": "com.example.rameshnayak.farmerease",
            "certificate_hash": "b0130b0b5f302b6b018bab5f951739e21a3dffe6"
          }
        },
        {
          "client_id": "190055863229-gsf7d6bm12ef51a1ra0bb6ch1d0a8897.apps.googleusercontent.com",
          "client_type": 3
        }
      ],
      "api_key": [
        {
          "current_key": "AIzaSyDVmh5heLo-5bJo_g7fcMye2WIYrqguQBA"
        }
      ],
      "services": {
        "appinvite_service": {
          "other_platform_oauth_client": [
            {
              "client_id": "190055863229-gsf7d6bm12ef51a1ra0bb6ch1d0a8897.apps.googleusercontent.com",
              "client_type": 3
            }
          ]
        }
      }
    },
    {
      "client_info": {
        "mobilesdk_app_id": "1:190055863229:android:d06b2dda7bea7c83",
        "android_client_info": {
          "package_name": "info.androidhive.bottomnavigation"
        }
      },
      "oauth_client": [
        {
          "client_id": "190055863229-j6bjdgckct2c18rtt7o4m6k4ul7hsur3.apps.googleusercontent.com",
          "client_type": 1,
          "android_info": {
            "package_name": "info.androidhive.bottomnavigation",
            "certificate_hash": "da7c2c52d427dd8889e161a865645d55122cc547"
          }
        },
        {
          "client_id": "190055863229-gsf7d6bm12ef51a1ra0bb6ch1d0a8897.apps.googleusercontent.com",
          "client_type": 3
        }
      ],
      "api_key": [
        {
          "current_key": "AIzaSyDVmh5heLo-5bJo_g7fcMye2WIYrqguQBA"
        }
      ],
      "services": {
        "appinvite_service": {
          "other_platform_oauth_client": [
            {
              "client_id": "190055863229-gsf7d6bm12ef51a1ra0bb6ch1d0a8897.apps.googleusercontent.com",
              "client_type": 3
            }
          ]
        }
      }
    }
  ],
  "configuration_version": "1"
}
